pais;ciudad_id;tour_id;titulo_referencia;url
Uruguay;montevideo-l539;1027848;Montevideo guided;https://www.getyourguide.com/es-es/montevideo-l539/montevideo-guided-tour-to-the-national-hat-factory-t1027848/
Uruguay;montevideo-l539;708891;Montevideo recorrido a pie con guia por los lugares de visita obligada;https://www.getyourguide.com/es-es/montevideo-l539/montevideo-recorrido-a-pie-con-guia-por-los-lugares-de-visita-obligada-t708891/
Uruguay;montevideo-l539;404044;Aventura;https://www.getyourguide.com/es-es/montevideo-l539/aventura-turistica-escapate-de-montevideo-a-punta-del-este-t404044/
Uruguay;punta-del-este-l739;911925;Punta del este;https://www.getyourguide.com/es-es/punta-del-este-l739/punta-del-este-tour-privado-por-lo-mas-destacado-de-isla-gorriti-t911925/
Uruguay;montevideo-l539;1124274;Montevideo cena maridaje de vinos uruguayos en city winery uruguay;https://www.getyourguide.com/es-es/montevideo-l539/montevideo-cena-maridaje-de-vinos-uruguayos-en-city-winery-uruguay-t1124274/
Uruguay;punta-del-este-l739;588963;Privado;https://www.getyourguide.com/es-es/punta-del-este-l739/privado-tour-de-la-ciudad-de-punta-del-este-para-cruceristas-t588963/
Uruguay;canelones-l121095;656100;Bodega castillo viejo visita y cata premium;https://www.getyourguide.com/es-es/canelones-l121095/bodega-castillo-viejo-visita-y-cata-premium-t656100/
Uruguay;montevideo-l539;1050909;En el corazon de montevideo cata guiada de vinos uruguayos de 5 regiones;https://www.getyourguide.com/es-es/montevideo-l539/en-el-corazon-de-montevideo-cata-guiada-de-vinos-uruguayos-de-5-regiones-t1050909/
Uruguay;montevideo-l539;784410;Montevideo paseo en barco para cruceristas;https://www.getyourguide.com/es-es/montevideo-l539/montevideo-paseo-en-barco-para-cruceristas-t784410/
Uruguay;punta-del-este-l739;68913;Descubre uruguay en una escapada de 5 dias;https://www.getyourguide.com/es-es/punta-del-este-l739/descubre-uruguay-en-una-escapada-de-5-dias-t68913/
Uruguay;colonia-del-sacramento-l1111;781402;Desde colonia bodega el legado full experience;https://www.getyourguide.com/es-es/colonia-del-sacramento-l1111/desde-colonia-bodega-el-legado-full-experience-t781402/
Uruguay;colonia-del-sacramento-l1111;637217;Autobus publico de colonia del sacramento a carmelo;https://www.getyourguide.com/es-es/colonia-del-sacramento-l1111/autobus-publico-de-colonia-del-sacramento-a-carmelo-t637217/
Uruguay;montevideo-l539;542988;Excursion a colonia del sacramento desde montevideo;https://www.getyourguide.com/es-es/montevideo-l539/excursion-a-colonia-del-sacramento-desde-montevideo-t542988/
Uruguay;montevideo-l539;1016039;Show vino 360deg uy degustacion premium;https://www.getyourguide.com/es-es/montevideo-l539/show-vino-360deg-uy-degustacion-premium-t1016039/
Uruguay;colonia-del-sacramento-l1111;809024;Hop on hop off colonia y degustacion de vinos con fiambres;https://www.getyourguide.com/es-es/colonia-del-sacramento-l1111/hop-on-hop-off-colonia-y-degustacion-de-vinos-con-fiambres-t809024/
Uruguay;montevideo-l539;591446;Tour de la ciudad de montevideo;https://www.getyourguide.com/es-es/montevideo-l539/tour-de-la-ciudad-de-montevideo-t591446/
Uruguay;montevideo-l539;1005747;Montevideo vibra la magia local en una discoteca bohemia con show en vivo;https://www.getyourguide.com/es-es/montevideo-l539/montevideo-vibra-la-magia-local-en-una-discoteca-bohemia-con-show-en-vivo-t1005747/
Uruguay;montevideo-l539;1088243;Tour privado de la ciudad de montevideo y experiencia;https://www.getyourguide.com/es-es/montevideo-l539/tour-privado-de-la-ciudad-de-montevideo-y-experiencia-tradicional-de-asado-t1088243/
Uruguay;canelones-l121095;565063;Cata de vinos uruguayos en las bodegas pizzorno;https://www.getyourguide.com/es-es/canelones-l121095/cata-de-vinos-uruguayos-en-las-bodegas-pizzorno-t565063/
Uruguay;montevideo-l539;274107;Tour completo de medio dia por montevideo con guia y 6 paradas;https://www.getyourguide.com/es-es/montevideo-l539/tour-completo-de-medio-dia-por-montevideo-con-guia-y-6-paradas-t274107/
Uruguay;colonia-del-sacramento-l1111;1020019;Candombe en colonia experiencia inmersiva con la comunidad local;https://www.getyourguide.com/es-es/colonia-del-sacramento-l1111/candombe-en-colonia-experiencia-inmersiva-con-la-comunidad-local-t1020019/
Uruguay;punta-del-este-l739;295440;Descubre por que nos encanta la colonia wine experience;https://www.getyourguide.com/es-es/punta-del-este-l739/descubre-por-que-nos-encanta-la-colonia-wine-experience-t295440/
Uruguay;montevideo-l539;1118360;Partido de penarol y experiencia en el estadio cds;https://www.getyourguide.com/es-es/montevideo-l539/partido-de-penarol-y-experiencia-en-el-estadio-cds-t1118360/
Uruguay;punta-del-este-l739;1009205;Punta del este;https://www.getyourguide.com/es-es/punta-del-este-l739/punta-del-este-tour-de-dia-completo-de-playa-y-cultura-t1009205/
Uruguay;piriapolis-l113597;1075194;Piriapolis;https://www.getyourguide.com/es-es/piriapolis-l113597/piriapolis-tour-por-la-bodega-cerro-del-toro-signature-grapes-t1075194/
Uruguay;montevideo-l539;1073176;Montevideo spinoglio and bouza wineries;https://www.getyourguide.com/es-es/montevideo-l539/montevideo-spinoglio-and-bouza-wineries-tour-with-tasting-t1073176/
Uruguay;montevideo-l539;1075179;Montevideo excursion de un dia al humedal de la macarena con almuerzo;https://www.getyourguide.com/es-es/montevideo-l539/montevideo-excursion-de-un-dia-al-humedal-de-la-macarena-con-almuerzo-t1075179/
Uruguay;montevideo-l539;699210;Bodega santa rosa;https://www.getyourguide.com/es-es/montevideo-l539/bodega-santa-rosa-tour-y-degustacion-gran-cava-t699210/
Uruguay;colonia-del-sacramento-l1111;513837;Experiencia de;https://www.getyourguide.com/es-es/colonia-del-sacramento-l1111/experiencia-de-tour-en-barco-panoramico-al-atardecer-t513837/
Uruguay;carmelo-l1112;876953;Desde colonia;https://www.getyourguide.com/es-es/carmelo-l1112/desde-colonia-tour-grupal-por-bodegas-de-carmelo-t876953/
Uruguay;colonia-del-sacramento-l1111;721166;Tour de vinos a la bodega cerros de san juan almuerzo y;https://www.getyourguide.com/es-es/colonia-del-sacramento-l1111/tour-de-vinos-a-la-bodega-cerros-de-san-juan-almuerzo-y-traslado-t721166/
Uruguay;colonia-del-sacramento-l1111;486406;Desde colonia del sacramento dia completo a carmelo;https://www.getyourguide.com/es-es/colonia-del-sacramento-l1111/desde-colonia-del-sacramento-dia-completo-a-carmelo-t486406/
Uruguay;montevideo-l539;1139892;Montevideo;https://www.getyourguide.com/es-es/montevideo-l539/montevideo-tour-por-los-puntos-destacados-de-la-ciudad-con-recogida-t1139892/
Uruguay;montevideo-l539;748826;Bouza almuerzo bodega;https://www.getyourguide.com/es-es/montevideo-l539/bouza-almuerzo-bodega-t748826/
Uruguay;colonia-del-sacramento-l1111;486353;Traslado privado de colonia a carmelo o al reves;https://www.getyourguide.com/es-es/colonia-del-sacramento-l1111/traslado-privado-de-colonia-a-carmelo-o-al-reves-t486353/
Uruguay;punta-del-este-l739;1069119;Montevideo;https://www.getyourguide.com/es-es/punta-del-este-l739/montevideo-tour-de-la-ciudad-punta-del-este-y-colonia-t1069119/
Uruguay;montevideo-l539;747401;Espectaculo cena el milongon sin;https://www.getyourguide.com/es-es/montevideo-l539/espectaculo-cena-el-milongon-sin-transporte-t747401/
Uruguay;montevideo-l539;984421;City winery el arte del vino en uruguay;https://www.getyourguide.com/es-es/montevideo-l539/city-winery-el-arte-del-vino-en-uruguay-t984421/
Uruguay;punta-del-este-l739;539075;City;https://www.getyourguide.com/es-es/punta-del-este-l739/city-tour-de-medio-dia-en-punta-del-este-t539075/
Uruguay;colonia-del-sacramento-l1111;1203850;Colonia cuando cae el sol mitos y leyendas del barrio historico;https://www.getyourguide.com/es-es/colonia-del-sacramento-l1111/colonia-cuando-cae-el-sol-mitos-y-leyendas-del-barrio-historico-t1203850/
Uruguay;montevideo-l539;807975;Experiencia;https://www.getyourguide.com/es-es/montevideo-l539/experiencia-te-de-la-tarde-en-el-sofitel-montevideo-carrasco-spa-t807975/
Uruguay;montevideo-l539;812916;Traslado desde montevideo a colonia del sacramento;https://www.getyourguide.com/es-es/montevideo-l539/traslado-desde-montevideo-a-colonia-del-sacramento-t812916/
Uruguay;colonia-del-sacramento-l1111;1009183;Colonia del sacramento;https://www.getyourguide.com/es-es/colonia-del-sacramento-l1111/colonia-del-sacramento-tour-de-la-ciudad-en-grupo-reducido-t1009183/
Uruguay;montevideo-l539;1104866;Montevideo autentico historia cultura y secretos locales;https://www.getyourguide.com/es-es/montevideo-l539/montevideo-autentico-historia-cultura-y-secretos-locales-t1104866/
Uruguay;colonia-del-sacramento-l1111;571556;Bodega cordano fundada por el abuelo de jose mujica;https://www.getyourguide.com/es-es/colonia-del-sacramento-l1111/bodega-cordano-fundada-por-el-abuelo-de-jose-mujica-t571556/
Uruguay;punta-del-este-l739;586347;Tour de la ciudad de punta del este para cruceros;https://www.getyourguide.com/es-es/punta-del-este-l739/tour-de-la-ciudad-de-punta-del-este-para-cruceros-t586347/
Uruguay;montevideo-l539;431589;Descubre lo mejor de montevideo con un experto local;https://www.getyourguide.com/es-es/montevideo-l539/descubre-lo-mejor-de-montevideo-con-un-experto-local-t431589/
Uruguay;punta-del-este-l739;675370;Tour de la ciudad de punta del este;https://www.getyourguide.com/es-es/punta-del-este-l739/tour-de-la-ciudad-de-punta-del-este-t675370/
Uruguay;canelones-l121095;713787;Visita a la bodega braccobosca;https://www.getyourguide.com/es-es/canelones-l121095/visita-a-la-bodega-braccobosca-t713787/
Uruguay;colonia-del-sacramento-l1111;860377;Zubizarreta carmelo wine experience privado desde colonia del sacramento;https://www.getyourguide.com/es-es/colonia-del-sacramento-l1111/zubizarreta-carmelo-wine-experience-privado-desde-colonia-del-sacramento-t860377/
Uruguay;punta-del-este-l739;929400;Punta del este excursion en;https://www.getyourguide.com/es-es/punta-del-este-l739/punta-del-este-excursion-en-tierra-para-cruceristas-t929400/
Uruguay;colonia-del-sacramento-l1111;794539;Colonia del sacramento guided city;https://www.getyourguide.com/es-es/colonia-del-sacramento-l1111/colonia-del-sacramento-guided-city-tour-t794539/
Uruguay;colonia-del-sacramento-l1111;487799;Walking;https://www.getyourguide.com/es-es/colonia-del-sacramento-l1111/walking-tour-esencial-english-y-portugues-t487799/
Uruguay;montevideo-l539;812603;Tour guiado y completo en montevideo para pasajeros llegando en cruceros;https://www.getyourguide.com/es-es/montevideo-l539/tour-guiado-y-completo-en-montevideo-para-pasajeros-llegando-en-cruceros-t812603/
Uruguay;colonia-del-sacramento-l1111;487450;Desde colonia paseo a caballo por paisajes rurales;https://www.getyourguide.com/es-es/colonia-del-sacramento-l1111/desde-colonia-paseo-a-caballo-por-paisajes-rurales-t487450/
Uruguay;montevideo-l539;627108;Montevideo ruta del vino almuerzo y degustacion con wine explorers;https://www.getyourguide.com/es-es/montevideo-l539/montevideo-ruta-del-vino-almuerzo-y-degustacion-con-wine-explorers-t627108/
Uruguay;montevideo-l539;1097091;Montevideo paseo a caballo por un sendero hasta la playa;https://www.getyourguide.com/es-es/montevideo-l539/montevideo-paseo-a-caballo-por-un-sendero-hasta-la-playa-t1097091/
Uruguay;montevideo-l539;1095636;Montevideo entrada al museo de los andes un homenaje al accidente;https://www.getyourguide.com/es-es/montevideo-l539/montevideo-entrada-al-museo-de-los-andes-un-homenaje-al-accidente-t1095636/
Uruguay;montevideo-l539;852511;Montevideo paseos guiados en bicicleta electrica;https://www.getyourguide.com/es-es/montevideo-l539/montevideo-paseos-guiados-en-bicicleta-electrica-t852511/
Uruguay;punta-del-este-l739;1181122;Punta del este secret night;https://www.getyourguide.com/es-es/punta-del-este-l739/punta-del-este-secret-night-tour-t1181122/
Uruguay;montevideo-l539;592279;Traslado compartido ida o ida y retorno al aeropuerto de mvd;https://www.getyourguide.com/es-es/montevideo-l539/traslado-compartido-ida-o-ida-y-retorno-al-aeropuerto-de-mvd-t592279/
Uruguay;colonia-del-sacramento-l1111;1042817;Colonia del sacramento visit;https://www.getyourguide.com/es-es/colonia-del-sacramento-l1111/colonia-del-sacramento-visit-to-las-liebres-vineyard-and-organic-garden-t1042817/
Uruguay;montevideo-l539;553604;Excursion de un dia a montevideo desde buenos aires;https://www.getyourguide.com/es-es/montevideo-l539/excursion-de-un-dia-a-montevideo-desde-buenos-aires-t553604/
Uruguay;montevideo-l539;825127;Montevideo mvd aeropuerto al centrohoteles;https://www.getyourguide.com/es-es/montevideo-l539/montevideo-mvd-aeropuerto-al-centrohoteles-traslado-privado-t825127/
Uruguay;colonia-del-sacramento-l1111;785279;Colonia;https://www.getyourguide.com/es-es/colonia-del-sacramento-l1111/colonia-tour-barrio-sur-patrimonio-mundial-unesco-junto-a-un-guia-local-t785279/
Uruguay;punta-del-este-l739;1003752;Punta del este;https://www.getyourguide.com/es-es/punta-del-este-l739/punta-del-este-tour-privado-por-la-iglesia-de-la-candelaria-y-el-casco-antiguo-t1003752/
Uruguay;montevideo-l539;343361;Montevideo alquiler de bicicletas de dia completo;https://www.getyourguide.com/es-es/montevideo-l539/montevideo-alquiler-de-bicicletas-de-dia-completo-t343361/
Uruguay;colonia-del-sacramento-l1111;1245880;Silex;https://www.getyourguide.com/es-es/colonia-del-sacramento-l1111/silex-tours-vino-historia-y-cultura-en-colonia-uruguay-t1245880/
Uruguay;montevideo-l539;1162857;Desde montevideo excursion de 1 dia a colonia del sacramento;https://www.getyourguide.com/es-es/montevideo-l539/desde-montevideo-excursion-de-1-dia-a-colonia-del-sacramento-t1162857/
Uruguay;piriapolis-l113597;1171069;Desde punta del este;https://www.getyourguide.com/es-es/piriapolis-l113597/desde-punta-del-este-tour-guiado-privado-de-medio-dia-a-piriapolis-t1171069/
Uruguay;colonia-del-sacramento-l1111;934454;City;https://www.getyourguide.com/es-es/colonia-del-sacramento-l1111/city-tour-en-vehiculo-por-toda-la-ciudad-y-visita-a-plaza-de-toros-t934454/
Uruguay;punta-del-este-l739;1066828;Jose ignacio paseo a caballo inolvidable por la playa;https://www.getyourguide.com/es-es/punta-del-este-l739/jose-ignacio-paseo-a-caballo-inolvidable-por-la-playa-t1066828/
Uruguay;montevideo-l539;701097;Cena espectaculo el milongon;https://www.getyourguide.com/es-es/montevideo-l539/cena-espectaculo-el-milongon-t701097/
Uruguay;montevideo-l539;68909;Amantes del vino experiencia con el vino;https://www.getyourguide.com/es-es/montevideo-l539/amantes-del-vino-experiencia-con-el-vino-tannat-de-montevideo-t68909/
Uruguay;montevideo-l539;779148;Montevideo excursion en;https://www.getyourguide.com/es-es/montevideo-l539/montevideo-excursion-en-tierra-para-cruceristas-t779148/
Uruguay;montevideo-l539;866687;Elaboracion de alfajores artesanales en montevideo;https://www.getyourguide.com/es-es/montevideo-l539/elaboracion-de-alfajores-artesanales-en-montevideo-t866687/
Uruguay;punta-del-este-l739;1003706;Punta del este;https://www.getyourguide.com/es-es/punta-del-este-l739/punta-del-este-tour-guiado-privado-al-museo-ralli-t1003706/
Uruguay;canelones-l121095;747296;Cata comida bodega pizzorno;https://www.getyourguide.com/es-es/canelones-l121095/cata-comida-bodega-pizzorno-t747296/
Uruguay;ciudad-de-la-costa-l215277;802078;Traslado desde el aeropuerto de montevideo al hotel en montevideo;https://www.getyourguide.com/es-es/ciudad-de-la-costa-l215277/traslado-desde-el-aeropuerto-de-montevideo-al-hotel-en-montevideo-t802078/
Uruguay;punta-del-este-l739;1004309;Tour guiado privado al museo del mar en punta del este;https://www.getyourguide.com/es-es/punta-del-este-l739/tour-guiado-privado-al-museo-del-mar-en-punta-del-este-t1004309/
Uruguay;montevideo-l539;671717;Recorrido por la ciudad de montevideo;https://www.getyourguide.com/es-es/montevideo-l539/recorrido-por-la-ciudad-de-montevideo-t671717/
Uruguay;piriapolis-l113597;548060;Tour de medio dia en piriapolis desde punta del este;https://www.getyourguide.com/es-es/piriapolis-l113597/tour-de-medio-dia-en-piriapolis-desde-punta-del-este-t548060/
Uruguay;punta-del-este-l739;709837;El mejor;https://www.getyourguide.com/es-es/punta-del-este-l739/el-mejor-tour-privado-a-tu-manera-en-punta-del-este-t709837/
Uruguay;montevideo-l539;874053;Visita dos bodegas familia dardanelli y angel fallabrino;https://www.getyourguide.com/es-es/montevideo-l539/visita-dos-bodegas-familia-dardanelli-y-angel-fallabrino-t874053/
Uruguay;montevideo-l539;1123229;Tour privado a la fortaleza del cerro de montevideo con entradas;https://www.getyourguide.com/es-es/montevideo-l539/tour-privado-a-la-fortaleza-del-cerro-de-montevideo-con-entradas-t1123229/
Uruguay;punta-del-este-l739;1003576;Lo mejor del casco antiguo de punta del este;https://www.getyourguide.com/es-es/punta-del-este-l739/lo-mejor-del-casco-antiguo-de-punta-del-este-tour-privado-a-pie-t1003576/
Uruguay;montevideo-l539;18292;Montevideo;https://www.getyourguide.com/es-es/montevideo-l539/montevideo-tour-a-pie-de-2-horas-por-la-ciudad-vieja-t18292/
Uruguay;montevideo-l539;1212105;Montevideo;https://www.getyourguide.com/es-es/montevideo-l539/montevideo-tour-gastronomico-con-asado-chivito-y-mate-t1212105/
Uruguay;colonia-del-sacramento-l1111;1093896;Colonia del sacramento walking;https://www.getyourguide.com/es-es/colonia-del-sacramento-l1111/colonia-del-sacramento-walking-tour-privado-con-degustacion-quesos-y-vinos-t1093896/
Uruguay;montevideo-l539;1104558;Montevideo express para cruceristas cultura y experiencias locales;https://www.getyourguide.com/es-es/montevideo-l539/montevideo-express-para-cruceristas-cultura-y-experiencias-locales-t1104558/
Uruguay;montevideo-l539;1093793;Desde montevideo;https://www.getyourguide.com/es-es/montevideo-l539/desde-montevideo-tour-guiado-privado-de-dia-completo-a-piriapolis-t1093793/
Uruguay;colonia-del-sacramento-l1111;1013657;Colonia;https://www.getyourguide.com/es-es/colonia-del-sacramento-l1111/colonia-tour-en-bici-colectiva-con-quesos-y-cerveza-artesanal-t1013657/
Uruguay;colonia-del-sacramento-l1111;686504;Recorrido por la historica colonia del sacramento con cafe incluido;https://www.getyourguide.com/es-es/colonia-del-sacramento-l1111/recorrido-por-la-historica-colonia-del-sacramento-con-cafe-incluido-t686504/
Uruguay;punta-del-este-l739;68911;Amantes del vino experiencia en bodega garzon;https://www.getyourguide.com/es-es/punta-del-este-l739/amantes-del-vino-experiencia-en-bodega-garzon-t68911/
Uruguay;montevideo-l539;583293;Montevideo city;https://www.getyourguide.com/es-es/montevideo-l539/montevideo-city-tour-para-cruceros-privado-t583293/
Uruguay;montevideo-l539;342921;Montevideo 3 horas y media en bicicleta;https://www.getyourguide.com/es-es/montevideo-l539/montevideo-3-horas-y-media-en-bicicleta-t342921/
Uruguay;montevideo-l539;699317;Bodega santa rosa visita y degustacion del museo;https://www.getyourguide.com/es-es/montevideo-l539/bodega-santa-rosa-visita-y-degustacion-del-museo-t699317/
Uruguay;colonia-del-sacramento-l1111;446000;Tour privado exclusivo a pie con;https://www.getyourguide.com/es-es/colonia-del-sacramento-l1111/tour-privado-exclusivo-a-pie-con-tickets-de-entrada-a-los-museos-t446000/
Uruguay;montevideo-l539;1102744;Montevideo;https://www.getyourguide.com/es-es/montevideo-l539/montevideo-tour-por-las-bodegas-carrau-con-catas-t1102744/
Uruguay;montevideo-l539;476196;Montevideo excursion privada a medida con guia local;https://www.getyourguide.com/es-es/montevideo-l539/montevideo-excursion-privada-a-medida-con-guia-local-t476196/
Uruguay;colonia-del-sacramento-l1111;404295;Experiencia privada de un dia en colonia del sacramento;https://www.getyourguide.com/es-es/colonia-del-sacramento-l1111/experiencia-privada-de-un-dia-en-colonia-del-sacramento-t404295/
Uruguay;montevideo-l539;879499;Montevideo desde buenos aires experiencia unica de;https://www.getyourguide.com/es-es/montevideo-l539/montevideo-desde-buenos-aires-experiencia-unica-de-tour-privado-t879499/
Uruguay;montevideo-l539;860356;Mejor;https://www.getyourguide.com/es-es/montevideo-l539/mejor-tour-privado-por-montevideo-para-pasajeros-de-cruceros-t860356/
Uruguay;colonia-del-sacramento-l1111;865122;Dia de paseo privado a colonia del sacramento con guia local;https://www.getyourguide.com/es-es/colonia-del-sacramento-l1111/dia-de-paseo-privado-a-colonia-del-sacramento-con-guia-local-t865122/
Uruguay;montevideo-l539;1135065;Salida de avistaje de aves a los humedales de uruguay;https://www.getyourguide.com/es-es/montevideo-l539/salida-de-avistaje-de-aves-a-los-humedales-de-uruguay-t1135065/
Uruguay;montevideo-l539;274537;Montevideo;https://www.getyourguide.com/es-es/montevideo-l539/montevideo-traslado-de-ida-o-vuelta-al-aeropuerto-de-mvd-t274537/
Uruguay;montevideo-l539;672712;Montevideo el mejor;https://www.getyourguide.com/es-es/montevideo-l539/montevideo-el-mejor-tour-de-comida-callejera-con-un-guia-local-t672712/
Uruguay;colonia-del-sacramento-l1111;675157;Hop on hop off colonia del sacramento;https://www.getyourguide.com/es-es/colonia-del-sacramento-l1111/hop-on-hop-off-colonia-del-sacramento-t675157/
Uruguay;punta-del-este-l739;814157;Punta del este vive una inolvidable cabalgata en la naturaleza;https://www.getyourguide.com/es-es/punta-del-este-l739/punta-del-este-vive-una-inolvidable-cabalgata-en-la-naturaleza-t814157/
Uruguay;montevideo-l539;1161868;Montevideo visita a la bodega vina varela zarranz con cata;https://www.getyourguide.com/es-es/montevideo-l539/montevideo-visita-a-la-bodega-vina-varela-zarranz-con-cata-t1161868/
Uruguay;montevideo-l539;701248;Visita y almuerzo en la bodega bouza;https://www.getyourguide.com/es-es/montevideo-l539/visita-y-almuerzo-en-la-bodega-bouza-t701248/
Uruguay;montevideo-l539;1128718;Montevideo;https://www.getyourguide.com/es-es/montevideo-l539/montevideo-ticket-de-entrada-al-museo-el-juguetero-t1128718/
Uruguay;montevideo-l539;304123;Montevideo paseo por la ciudad vieja con fotografo;https://www.getyourguide.com/es-es/montevideo-l539/montevideo-paseo-por-la-ciudad-vieja-con-fotografo-t304123/
Uruguay;montevideo-l539;1009209;Montevideo;https://www.getyourguide.com/es-es/montevideo-l539/montevideo-tour-de-medio-dia-por-la-ciudad-con-guia-en-vivo-t1009209/
Uruguay;colonia-del-sacramento-l1111;471434;Tour barrio sur explora colonia del sacramento al atardecer;https://www.getyourguide.com/es-es/colonia-del-sacramento-l1111/tour-barrio-sur-explora-colonia-del-sacramento-al-atardecer-t471434/
Uruguay;montevideo-l539;984680;Bodega santa rosa alberga la cava subterranea mas grande de sudamerica;https://www.getyourguide.com/es-es/montevideo-l539/bodega-santa-rosa-alberga-la-cava-subterranea-mas-grande-de-sudamerica-t984680/
Uruguay;montevideo-l539;1182371;Montevideo degustacion de mate con alfajores artesanales;https://www.getyourguide.com/es-es/montevideo-l539/montevideo-degustacion-de-mate-con-alfajores-artesanales-t1182371/
Uruguay;montevideo-l539;804567;Traslado desde el hotel en montevideo al aeropuerto de montevideo;https://www.getyourguide.com/es-es/montevideo-l539/traslado-desde-el-hotel-en-montevideo-al-aeropuerto-de-montevideo-t804567/
Uruguay;colonia-del-sacramento-l1111;794124;Tour guiado con mate y postre martin fierro lo mejor de uruguay;https://www.getyourguide.com/es-es/colonia-del-sacramento-l1111/tour-guiado-con-mate-y-postre-martin-fierro-lo-mejor-de-uruguay-t794124/
Uruguay;montevideo-l539;272292;Montevideo palacio salvo entrada oficial con;https://www.getyourguide.com/es-es/montevideo-l539/montevideo-palacio-salvo-entrada-oficial-con-tour-guiado-t272292/
Uruguay;montevideo-l539;1199097;Montevideo clase de;https://www.getyourguide.com/es-es/montevideo-l539/montevideo-clase-de-tango-en-el-historico-baar-fun-fun-desde-1895-t1199097/
Uruguay;colonia-del-sacramento-l1111;1123726;Colonia del sacramento experiencia de degustacion en colonia suiza;https://www.getyourguide.com/es-es/colonia-del-sacramento-l1111/colonia-del-sacramento-experiencia-de-degustacion-en-colonia-suiza-t1123726/
Uruguay;colonia-del-sacramento-l1111;473229;Colonia del sacramentopaseo;https://www.getyourguide.com/es-es/colonia-del-sacramento-l1111/colonia-del-sacramentopaseo-turistico-guiado-en-bicicleta-t473229/
Uruguay;punta-del-este-l739;812891;Tour guiado de dia completo a punta del este;https://www.getyourguide.com/es-es/punta-del-este-l739/tour-guiado-de-dia-completo-a-punta-del-este-t812891/
Uruguay;colonia-del-sacramento-l1111;709835;Visita a la bodega fripp;https://www.getyourguide.com/es-es/colonia-del-sacramento-l1111/visita-a-la-bodega-fripp-t709835/
Uruguay;montevideo-l539;164457;Montevideo cata de vinos y almuerzo en el campo;https://www.getyourguide.com/es-es/montevideo-l539/montevideo-cata-de-vinos-y-almuerzo-en-el-campo-t164457/
Uruguay;montevideo-l539;1094919;Montevideo cena;https://www.getyourguide.com/es-es/montevideo-l539/montevideo-cena-tradicional-y-espectaculo-de-tango-en-primuseum-t1094919/
Uruguay;colonia-del-sacramento-l1111;754448;Colonia del sacramento city;https://www.getyourguide.com/es-es/colonia-del-sacramento-l1111/colonia-del-sacramento-city-tour-caminando-y-van-t754448/
Uruguay;montevideo-l539;947667;Montevideo clase privada de cocina uruguaya con un chef local;https://www.getyourguide.com/es-es/montevideo-l539/montevideo-clase-privada-de-cocina-uruguaya-con-un-chef-local-t947667/
Uruguay;montevideo-l539;811574;Bodega santa rosa famiglia passadore;https://www.getyourguide.com/es-es/montevideo-l539/bodega-santa-rosa-famiglia-passadore-tour-degustacion-con-almuerzo-t811574/
Uruguay;montevideo-l539;282692;Montevideo;https://www.getyourguide.com/es-es/montevideo-l539/montevideo-traslado-privado-de-ida-o-ida-y-vuelta-al-aeropuerto-de-mvd-t282692/
Uruguay;montevideo-l539;565786;Visita a bodegas y degustacion en montevideo;https://www.getyourguide.com/es-es/montevideo-l539/visita-a-bodegas-y-degustacion-en-montevideo-t565786/
Uruguay;montevideo-l539;676510;Tour privado hazlo a;https://www.getyourguide.com/es-es/montevideo-l539/tour-privado-hazlo-a-tu-manera-en-montevideo-con-un-local-t676510/
Uruguay;montevideo-l539;884011;Colonia y montevideo desde buenos aires;https://www.getyourguide.com/es-es/montevideo-l539/colonia-y-montevideo-desde-buenos-aires-tour-privado-de-2-dias-t884011/
Uruguay;punta-del-este-l739;973431;Punta del este;https://www.getyourguide.com/es-es/punta-del-este-l739/punta-del-este-tour-guiado-por-los-lugares-mas-destacados-y-los-tesoros-ocultos-de-la-ciudad-t973431/
Uruguay;montevideo-l539;809227;Traslado desde montevideo a punta del este;https://www.getyourguide.com/es-es/montevideo-l539/traslado-desde-montevideo-a-punta-del-este-t809227/
Uruguay;montevideo-l539;1239953;Vuelo panoramico en avion sobre montevideo;https://www.getyourguide.com/es-es/montevideo-l539/vuelo-panoramico-en-avion-sobre-montevideo-t1239953/
Uruguay;montevideo-l539;347776;Montevideo experiencia;https://www.getyourguide.com/es-es/montevideo-l539/montevideo-experiencia-tradicional-de-carnaval-t347776/
Uruguay;montevideo-l539;585195;Visita a bodega para cruceristas;https://www.getyourguide.com/es-es/montevideo-l539/visita-a-bodega-para-cruceristas-t585195/
Uruguay;montevideo-l539;791480;Montevideo excursion de cata de vinos para cruceristas;https://www.getyourguide.com/es-es/montevideo-l539/montevideo-excursion-de-cata-de-vinos-para-cruceristas-t791480/
Uruguay;montevideo-l539;326182;Carrau visita a la bodega con degustacion;https://www.getyourguide.com/es-es/montevideo-l539/carrau-visita-a-la-bodega-con-degustacion-t326182/
Uruguay;punta-del-este-l739;1003666;Punta del este;https://www.getyourguide.com/es-es/punta-del-este-l739/punta-del-este-tour-privado-a-pie-por-el-casco-antiguo-y-la-historia-judia-t1003666/
Uruguay;montevideo-l539;274122;Desde montevideo;https://www.getyourguide.com/es-es/montevideo-l539/desde-montevideo-tour-de-dia-completo-a-colonia-sacramento-con-guia-t274122/
Uruguay;colonia-del-sacramento-l1111;511012;Experiencia gastronomica vinos artesanales y sabores de uruguay;https://www.getyourguide.com/es-es/colonia-del-sacramento-l1111/experiencia-gastronomica-vinos-artesanales-y-sabores-de-uruguay-t511012/
Uruguay;montevideo-l539;273357;Desde montevideo;https://www.getyourguide.com/es-es/montevideo-l539/desde-montevideo-tour-de-dia-completo-a-punta-del-este-con-guia-t273357/
Uruguay;montevideo-l539;1193035;Montevideo cena y show de;https://www.getyourguide.com/es-es/montevideo-l539/montevideo-cena-y-show-de-tango-en-el-historico-bar-fun-fun-t1193035/
Uruguay;montevideo-l539;790467;Experiencia make your asado de como preparar el autentico asado uruguayo;https://www.getyourguide.com/es-es/montevideo-l539/experiencia-make-your-asado-de-como-preparar-el-autentico-asado-uruguayo-t790467/
Uruguay;punta-del-este-l739;553576;Punta del este y piriapolis;https://www.getyourguide.com/es-es/punta-del-este-l739/punta-del-este-y-piriapolis-tour-de-la-ciudad-de-dia-completo-t553576/
Uruguay;montevideo-l539;815082;Almuerzo en el;https://www.getyourguide.com/es-es/montevideo-l539/almuerzo-en-el-tradicional-bar-facal-y-visita-al-museo-andes-t815082/
Uruguay;montevideo-l539;572638;Tour de la ciudad para cruceristas;https://www.getyourguide.com/es-es/montevideo-l539/tour-de-la-ciudad-para-cruceristas-t572638/
Uruguay;punta-del-este-l739;825251;Pdp;https://www.getyourguide.com/es-es/punta-del-este-l739/pdp-traslado-al-aeropuerto-en-privado-al-centro-de-punta-del-este-t825251/
Uruguay;montevideo-l539;1124226;Cata de 4 vinos de 4 bodegas empanadas en montevideo;https://www.getyourguide.com/es-es/montevideo-l539/cata-de-4-vinos-de-4-bodegas-empanadas-en-montevideo-t1124226/
Uruguay;colonia-del-sacramento-l1111;755042;Colonia del sacramento el;https://www.getyourguide.com/es-es/colonia-del-sacramento-l1111/colonia-del-sacramento-el-tour-a-pie-compartido-mejor-valorado-t755042/
Uruguay;canelones-l121095;675213;Una experiencia prestigiosa bodegas spinoglio y pizzorno;https://www.getyourguide.com/es-es/canelones-l121095/una-experiencia-prestigiosa-bodegas-spinoglio-y-pizzorno-t675213/
Uruguay;montevideo-l539;1239817;Entrada al museo de penarol acceso rapido sin restricciones;https://www.getyourguide.com/es-es/montevideo-l539/entrada-al-museo-de-penarol-acceso-rapido-sin-restricciones-t1239817/
Uruguay;montevideo-l539;800518; descubriendo montevideo compartido para cruceristas en grupo pequeno;https://www.getyourguide.com/es-es/montevideo-l539/-descubriendo-montevideo-compartido-para-cruceristas-en-grupo-pequeno-t800518/
Uruguay;montevideo-l539;1211609;Tradicion uruguaya asado en el mercado del puerto;https://www.getyourguide.com/es-es/montevideo-l539/tradicion-uruguaya-asado-en-el-mercado-del-puerto-t1211609/
Uruguay;montevideo-l539;126728;Entusiastas del vino experiencia bodega bouza;https://www.getyourguide.com/es-es/montevideo-l539/entusiastas-del-vino-experiencia-bodega-bouza-t126728/
Uruguay;colonia-del-sacramento-l1111;775269;Transporte privado de colonia del sacramento hacia carmelo;https://www.getyourguide.com/es-es/colonia-del-sacramento-l1111/transporte-privado-de-colonia-del-sacramento-hacia-carmelo-t775269/
Uruguay;jose-ignacio-l165099;722229;Paseo a caballo por la playa;https://www.getyourguide.com/es-es/jose-ignacio-l165099/paseo-a-caballo-por-la-playa-t722229/
Uruguay;montevideo-l539;649480;Tour de la ciudad de montevideo para cruceristas audioguia;https://www.getyourguide.com/es-es/montevideo-l539/tour-de-la-ciudad-de-montevideo-para-cruceristas-audioguia-t649480/
Uruguay;punta-del-este-l739;553501;Punta del este;https://www.getyourguide.com/es-es/punta-del-este-l739/punta-del-este-tour-de-la-ciudad-y-la-playa-de-cabo-polonio-t553501/
Uruguay;colonia-del-sacramento-l1111;1093930;Degustacion de quesos y vinos raices de colonia del sacramento;https://www.getyourguide.com/es-es/colonia-del-sacramento-l1111/degustacion-de-quesos-y-vinos-raices-de-colonia-del-sacramento-t1093930/
Uruguay;canelones-l121095;809078;Montevideo visita a bodega moizo calmuerzo opcional;https://www.getyourguide.com/es-es/canelones-l121095/montevideo-visita-a-bodega-moizo-calmuerzo-opcional-t809078/
Uruguay;montevideo-l539;469892;Montevideo excursion privada de dia completo;https://www.getyourguide.com/es-es/montevideo-l539/montevideo-excursion-privada-de-dia-completo-t469892/
Uruguay;montevideo-l539;629733;Bus;https://www.getyourguide.com/es-es/montevideo-l539/bus-turistico-descubri-montevideo-t629733/
Uruguay;montevideo-l539;1209633;Almuerzo en chacra de montevideo naturaleza y sabores de;https://www.getyourguide.com/es-es/montevideo-l539/almuerzo-en-chacra-de-montevideo-naturaleza-y-sabores-de-todo-el-mundo-t1209633/
Uruguay;montevideo-l539;542999;Tour;https://www.getyourguide.com/es-es/montevideo-l539/tour-turistico-por-montevideo-t542999/
Uruguay;punta-del-este-l739;68915;Amantes del vino divertida cata de vinos en las afueras de punta del este;https://www.getyourguide.com/es-es/punta-del-este-l739/amantes-del-vino-divertida-cata-de-vinos-en-las-afueras-de-punta-del-este-t68915/
